{"schemaVersion":"1.0","appDefinitionTemplate":{"id":"/providers/Microsoft.PowerApps/apps/","type":"Microsoft.PowerApps/apps","tags":{"minimumRequiredApiVersion":"2.2.0"},"properties":{"appVersion":"2019-03-09T01:22:45Z","lifeCycleId":"Published","createdByClientVersion":{"major":3,"minor":19024,"build":16,"revision":0,"majorRevision":0,"minorRevision":0},"minClientVersion":{"major":3,"minor":19024,"build":16,"revision":0,"majorRevision":0,"minorRevision":0},"backgroundColor":"rgba(142, 140, 216, 1)","backgroundImageUri":"/2314277379883108161/N1a61498b-10e9-4a4d-91ec-98991f405770-logoSmallFile","displayName":"International Women's Day","description":"Fetch news articles about International Women's Day from NewAPI.org ","appUris":{"documentUri":{"value":"/2314277379883108161/N9f9dbbf0-7bcb-4a7d-bfc8-3e0a51243e03-document.msapp","readonlyValue":"/2314277379883108161/N9f9dbbf0-7bcb-4a7d-bfc8-3e0a51243e03-document.msapp"},"imageUris":[]},"createdTime":"0001-01-01T00:00:00Z","lastModifiedTime":"0001-01-01T00:00:00Z","sharedGroupsCount":0,"sharedUsersCount":0,"icons":{"smallIconUri":"/2314277379883108161/Nbe2f06b3-bfdb-4c0a-a947-280052b71910-small.png","mediumIconUri":"/2314277379883108161/Nec1ac93c-64c3-44fa-bc44-f2f236060c24-medium.png","largeIconUri":"/2314277379883108161/N810077f2-4129-4bc6-8d16-e9d6cfa91082-large.png","wideIconUri":"/2314277379883108161/N090e8f73-8461-448d-b130-1cc07a6975b5-wide.png"},"connectionReferences":{"72d9f7b3-0823-417f-be8a-a38b51399175":{"id":"2724961b-e38f-4197-b47c-3c5d9c4d85ef","displayName":"Logic flows","iconUri":"https://resourcestackdeploy.blob.core.windows.net/scripts/13276078.png","dataSources":["WOMENSDAYAPP-NEWSAPI"],"dependencies":[],"dependents":[],"parameterHints":{"workflowName":{"value":"dc73837b-90dd-4f35-b3e0-2dbd1121b752"}},"isOnPremiseConnection":false,"bypassConsent":false,"dataSets":{},"apiTier":"Standard","isCustomApiConnection":false}},"almMode":"Environment"}}}