{"name":"b43e8050-76ed-4049-a002-5317bdb662ee","id":"/providers/Microsoft.Flow/flows/b43e8050-76ed-4049-a002-5317bdb662ee","type":"Microsoft.Flow/flows","properties":{"apiId":"/providers/Microsoft.PowerApps/apis/shared_logicflows","displayName":"WOMENS DAY APP - NEWS API","definition":{"metadata":{"workflowEntityId":null,"creator":{"id":"4938a8f3-b717-46cd-825c-db004d0829a3","type":"User","tenantId":"1f9dd2c8-37b8-4f22-a0fd-6f20f116e3db"},"provisioningMethod":"FromDefinition","failureAlertSubscription":true,"clientLastModifiedTime":"2019-03-09T00:58:29.5265429Z"},"$schema":"https://schema.management.azure.com/providers/Microsoft.Logic/schemas/2016-06-01/workflowdefinition.json#","contentVersion":"1.0.0.0","parameters":{"$authentication":{"defaultValue":{},"type":"SecureObject"}},"triggers":{"manual":{"type":"Request","kind":"PowerApp","inputs":{"schema":{"type":"object","required":[],"properties":{}}}}},"actions":{"HTTP":{"runAfter":{},"type":"Http","inputs":{"method":"GET","uri":"https://newsapi.org/v2/everything?q=international%20women%27s%20day&from=2019-03-08&to=2019-03-05&sortBy=relevancy&language=en&pageSize=2&page=@{rand(1,500)}&apiKey=ce3d7b4b56a24f74801fbcd9004baa27"},"description":"Request to newsapi.org to get news articles about International Women's Day from the past 3 days sorted by relevance "},"Response":{"runAfter":{"HTTP":["Succeeded"]},"type":"Response","kind":"Http","inputs":{"statusCode":200,"body":"@body('HTTP')['articles']","schema":{"type":"array","items":{"type":"object","properties":{"source":{"type":"object","properties":{"id":{},"name":{"type":"string"}}},"author":{"type":"string"},"title":{"type":"string"},"description":{"type":"string"},"url":{"type":"string"},"urlToImage":{"type":"string"},"publishedAt":{"type":"string"},"content":{"type":"string"}},"required":["source","author","title","description","url","urlToImage","publishedAt","content"]}}}}},"outputs":{},"description":"Create one or more actions to happen when a button or link in PowerApps is selected. To use this flow from a PowerApp, select the control you want to trigger the flow and go to the Action tab in the PowerApps ribbon and select Flows."},"connectionReferences":{},"flowFailureAlertSubscribed":false}}